Hotspot_ID,Start,Stop,Probability,Selectivity
1,2574,2615,0.07818,1
2,2616,2651,0.0666,1
3,2652,2681,0.0558,1
4,2682,2726,0.0828,1
5,2727,2771,0.0828,1
6,2772,2825,0.099,1
7,2826,2870,0.08217,1
8,2871,2909,0.072,1
9,2910,2966,0.1044,1
10,2967,3011,0.08226,1
11,3012,3065,0.099,1
12,3066,3116,0.0936,1
13,3117,3167,0.0936,1
14,3168,3218,0.09417,1
