Hotspot_index,Position_start,Position_stop,Clock_model,Poisson_mean,Negative_Binomial_Sucess,Negative_Binomial_Probability,Fixed_probability,AA,AT,AG,AC,TA,TT,TG,TC,GA,GT,GG,GC,CA,CT,CG,CC
1,1,4,Poisson,0.00000001,NA,NA,NA,0.8364,0.0278,0.0648,0.071,0.0154,0.8828,0.0216,0.0802,0.25,0.0741,0.608,0.0679,0.0401,0.284,0.037,0.6389
2,5,9,Poisson,0.00000001,NA,NA,NA,0.8957,0.0169,0.0705,0.0169,0.0226,0.8956,0.0254,0.0564,0.2468,0.0945,0.615,0.0437,0.0776,0.3653,0.0578,0.4993
3,10,11,Poisson,0.00000001,NA,NA,NA,0.8696,0.0435,0.0652,0.0217,0.0543,0.924,0,0.0217,0.1848,0.0978,0.6739,0.0435,0.087,0.3804,0.0217,0.5109
4,12,16,Poisson,0.00000001,NA,NA,NA,0.9276,0.0201,0.0443,0.008,0.0221,0.9176,0.0201,0.0402,0.3119,0.0905,0.5634,0.0342,0.0664,0.3561,0.0322,0.5453
5,17,18,Poisson,0.00000001,NA,NA,NA,0.9264,0.031,0.031,0.0116,0.0078,0.9689,0,0.0233,0.3333,0.0891,0.5505,0.0271,0.1124,0.3527,0.0155,0.5194
6,19,20,Poisson,0.00000001,NA,NA,NA,0.8168,0.0366,0.1414,0.0052,0.0157,0.911,0.0105,0.0628,0.1623,0.1518,0.6335,0.0524,0.0785,0.2513,0.0838,0.5864
7,21,21,Poisson,0.00000001,NA,NA,NA,0.9076,0.0326,0.0326,0.0272,0.0163,0.9131,0.0054,0.0652,0.163,0.1793,0.6468,0.0109,0.1196,0.3315,0.0707,0.4782
8,22,24,Poisson,0.00000001,NA,NA,NA,0.9713,0.0082,0.0205,0,0.0082,0.959,0.0082,0.0246,0.3934,0.0861,0.5123,0.0082,0.0902,0.4016,0.0041,0.5041
