Hotspot_index,Position_start,Position_stop,Clock_model,Poisson_mean,Negative_Binomial_Sucess,Negative_Binomial_Probability,Fixed_probability,AA,AT,AG,AC,TA,TT,TG,TC,GA,GT,GG,GC,CA,CT,CG,CC
1,88,88,Poisson,0.33333,NA,NA,NA,1,0,0,0,1,0,0,0,1,0,0,0,1,0,0,0
2,105,105,Poisson,0.33333,NA,NA,NA,0.85,0,0.15,0,1,0,0,0,0.85,0,0.15,0,1,0,0,0
3,121,121,Poisson,0.33333,NA,NA,NA,0,0.65,0,0.35,0,0.75,0,0.25,1,0,0,0,0,0.75,0,0.25
4,135,135,Poisson,0.33333,NA,NA,NA,0.85,0,0.15,0,1,0,0,0,0.85,0,0.15,0,1,0,0,0
5,139,139,Poisson,0.33333,NA,NA,NA,1,0,0,0,1,0,0,0,1,0,0,0,1,0,0,0
6,204,204,Poisson,0.33333,NA,NA,NA,0,0.5,0,0.5,0,1,0,0,0,0.5,0,0.5,0,1,0,0
7,209,209,Poisson,0.33333,NA,NA,NA,1,0,0,0,1,0,0,0,1,0,0,0,1,0,0,0
8,246,246,Poisson,0.33333,NA,NA,NA,0,0,1,0,0,0,1,0,0,0,1,0,0,0,1,0
9,248,248,Poisson,0.33333,NA,NA,NA,1,0,0,0,1,0,0,0,1,0,0,0,1,0,0,0
10,252,252,Poisson,0.33333,NA,NA,NA,0,1,0,0,0,1,0,0,0,1,0,0,0,1,0,0
11,319,319,Poisson,0.33333,NA,NA,NA,1,0,0,0,1,0,0,0,1,0,0,0,1,0,0,0
12,322,322,Poisson,0.33333,NA,NA,NA,0.85,0,0.15,0,1,0,0,0,0.85,0,0.15,0,1,0,0,0
13,329,329,Poisson,0.33333,NA,NA,NA,1,0,0,0,1,0,0,0,1,0,0,0,1,0,0,0
14,354,354,Poisson,0.33333,NA,NA,NA,0,0.05,0.95,0,0,0.65,0.35,0,0,0.15,0.85,0,0,0.05,0.95,0
15,368,368,Poisson,0.33333,NA,NA,NA,1,0,0,0,1,0,0,0,1,0,0,0,1,0,0,0
16,393,393,Poisson,0.33333,NA,NA,NA,0,0.5,0,0.5,0,0.95,0,0.05,0,0.5,0,0.5,0,0.25,0,0.75
17,452,452,Poisson,0.33333,NA,NA,NA,1,0,0,0,1,0,0,0,1,0,0,0,1,0,0,0
18,513,513,Poisson,0.33333,NA,NA,NA,0,0.5,0,0.5,0,1,0,0,0,0.5,0,0.5,0,1,0,0
19,521,521,Poisson,0.33333,NA,NA,NA,1,0,0,0,1,0,0,0,1,0,0,0,1,0,0,0
20,537,537,Poisson,0.33333,NA,NA,NA,0,0.5,0,0.5,0,1,0,0,0,0.5,0,0.5,0,1,0,0
21,559,559,Poisson,0.33333,NA,NA,NA,0,0.5,0,0.5,0,1,0,0,0,0.5,0,0.5,0,1,0,0
22,599,599,Poisson,0.33333,NA,NA,NA,0,0.5,0,0.5,0,0.1,0,0.9,0,0.5,0,0.5,0,0.1,0,0.9
23,629,629,Poisson,0.33333,NA,NA,NA,0,0.5,0.5,0,0,0.1,0.9,0,0,0.1,0.9,0,0,0.5,0.5,0
24,643,643,Poisson,0.33333,NA,NA,NA,0,1,0,0,0,1,0,0,0,1,0,0,0,1,0,0
25,644,644,Poisson,0.33333,NA,NA,NA,1,0,0,0,1,0,0,0,1,0,0,0,1,0,0,0
26,651,651,Poisson,0.33333,NA,NA,NA,1,0,0,0,1,0,0,0,1,0,0,0,1,0,0,0
27,660,660,Poisson,0.33333,NA,NA,NA,0,0,1,0,0,0,1,0,0,0,1,0,0,0,1,0
28,662,662,Poisson,0.33333,NA,NA,NA,1,0,0,0,1,0,0,0,1,0,0,0,1,0,0,0
29,671,671,Poisson,0.33333,NA,NA,NA,1,0,0,0,1,0,0,0,1,0,0,0,1,0,0,0
30,675,675,Poisson,0.33333,NA,NA,NA,0,0,0,1,0,0,0,1,0,0,0,1,0,0,0,1
