Generation	Pa	Pb	Pab	cLD
1	0.522267	0.532164	0.286550	0.001196
2	0.755534	0.757009	0.580423	0.002115
3	0.877328	0.874200	0.773561	0.003681
4	0.936946	0.938451	0.881753	0.001795
5	0.970013	0.973362	0.945025	0.000959
6	0.985147	0.986645	0.972301	0.000501
7	0.992870	0.993350	0.986399	0.000364
8	0.996697	0.996602	0.993372	0.000352
9	0.998424	0.998317	0.996740	0.000003
10	0.999299	0.999209	0.998509	0.000001
